activity_id,week,location_id,co_share_group
A031,1,PLAT:ALP:S06:WB,b1
A031,1,SEC:ALP:S06_S07:WB,b1
A031,1,PLAT:ALP:S07:WB,b1
A031,1,SEC:ALP:S07_S08:WB,b1
A031,1,PLAT:ALP:S08:WB,b1
A002,1,PLAT:BET:S11:WB,b2
A002,1,SEC:BET:S11_S12:WB,b2
A002,1,PLAT:BET:S12:WB,b2
A002,1,SEC:BET:S12_S13:WB,b2
A002,1,PLAT:BET:S13:WB,b2
A035,1,PLAT:ALP:S02:WB,b3
A035,1,SEC:ALP:S02_S03:WB,b3
A035,1,PLAT:ALP:S03:WB,b3
A035,1,SEC:ALP:S03_S04:WB,b3
A035,1,PLAT:ALP:S04:WB,b3
A048,1,PLAT:BET:S13:EB,b4
A048,1,SEC:BET:S13_S14:EB,b4
A048,1,PLAT:BET:S14:EB,b4
A031,2,PLAT:ALP:S06:WB,b1
A031,2,SEC:ALP:S06_S07:WB,b1
A031,2,PLAT:ALP:S07:WB,b1
A031,2,SEC:ALP:S07_S08:WB,b1
A031,2,PLAT:ALP:S08:WB,b1
A009,2,PLAT:ALP:S05:EB,b2
A009,2,SEC:ALP:S05_S06:EB,b2
A009,2,PLAT:ALP:S06:EB,b2
A012,2,PLAT:BET:H01:WB,b3
A012,2,SEC:BET:H01_H02:WB,b3
A012,2,PLAT:BET:H02:WB,b3
A012,2,SEC:BET:H02_S15:WB,b3
A012,2,PLAT:BET:S15:WB,b3
A058,2,PLAT:ALP:S03:WB,b4
A058,2,SEC:ALP:S03_S04:WB,b4
A058,2,PLAT:ALP:S04:WB,b4
A058,2,SEC:ALP:S04_H01:WB,b4
A058,2,PLAT:ALP:H01:WB,b4
A058,2,SEC:ALP:H01_H02:WB,b4
A058,2,PLAT:ALP:H02:WB,b4
A035,2,PLAT:ALP:S02:WB,b4
A035,2,SEC:ALP:S02_S03:WB,b4
A035,2,PLAT:ALP:S03:WB,b4
A035,2,SEC:ALP:S03_S04:WB,b4
A035,2,PLAT:ALP:S04:WB,b4
A048,2,PLAT:BET:S13:EB,b5
A048,2,SEC:BET:S13_S14:EB,b5
A048,2,PLAT:BET:S14:EB,b5
A009,3,PLAT:ALP:S05:EB,b1
A009,3,SEC:ALP:S05_S06:EB,b1
A009,3,PLAT:ALP:S06:EB,b1
A012,3,PLAT:BET:H01:WB,b2
A012,3,SEC:BET:H01_H02:WB,b2
A012,3,PLAT:BET:H02:WB,b2
A012,3,SEC:BET:H02_S15:WB,b2
A012,3,PLAT:BET:S15:WB,b2
A058,3,PLAT:ALP:S03:WB,b3
A058,3,SEC:ALP:S03_S04:WB,b3
A058,3,PLAT:ALP:S04:WB,b3
A058,3,SEC:ALP:S04_H01:WB,b3
A058,3,PLAT:ALP:H01:WB,b3
A058,3,SEC:ALP:H01_H02:WB,b3
A058,3,PLAT:ALP:H02:WB,b3
A006,3,PLAT:ALP:S03:WB,b3
A006,3,SEC:ALP:S03_S04:WB,b3
A006,3,PLAT:ALP:S04:WB,b3
A006,3,SEC:ALP:S04_H01:WB,b3
A006,3,PLAT:ALP:H01:WB,b3
A006,3,SEC:ALP:H01_H02:WB,b3
A006,3,PLAT:ALP:H02:WB,b3
A035,3,PLAT:ALP:S02:WB,b3
A035,3,SEC:ALP:S02_S03:WB,b3
A035,3,PLAT:ALP:S03:WB,b3
A035,3,SEC:ALP:S03_S04:WB,b3
A035,3,PLAT:ALP:S04:WB,b3
A048,3,PLAT:BET:S13:EB,b4
A048,3,SEC:BET:S13_S14:EB,b4
A048,3,PLAT:BET:S14:EB,b4
A009,4,PLAT:ALP:S05:EB,b1
A009,4,SEC:ALP:S05_S06:EB,b1
A009,4,PLAT:ALP:S06:EB,b1
A012,4,PLAT:BET:H01:WB,b2
A012,4,SEC:BET:H01_H02:WB,b2
A012,4,PLAT:BET:H02:WB,b2
A012,4,SEC:BET:H02_S15:WB,b2
A012,4,PLAT:BET:S15:WB,b2
A058,4,PLAT:ALP:S03:WB,b3
A058,4,SEC:ALP:S03_S04:WB,b3
A058,4,PLAT:ALP:S04:WB,b3
A058,4,SEC:ALP:S04_H01:WB,b3
A058,4,PLAT:ALP:H01:WB,b3
A058,4,SEC:ALP:H01_H02:WB,b3
A058,4,PLAT:ALP:H02:WB,b3
A061,4,PLAT:BET:H01:EB,b4
A061,4,SEC:BET:H01_H02:EB,b4
A061,4,PLAT:BET:H02:EB,b4
A061,4,SEC:BET:H02_S15:EB,b4
A061,4,PLAT:BET:S15:EB,b4
A006,4,PLAT:ALP:S03:WB,b3
A006,4,SEC:ALP:S03_S04:WB,b3
A006,4,PLAT:ALP:S04:WB,b3
A006,4,SEC:ALP:S04_H01:WB,b3
A006,4,PLAT:ALP:H01:WB,b3
A006,4,SEC:ALP:H01_H02:WB,b3
A006,4,PLAT:ALP:H02:WB,b3
A009,5,PLAT:ALP:S05:EB,b1
A009,5,SEC:ALP:S05_S06:EB,b1
A009,5,PLAT:ALP:S06:EB,b1
A012,5,PLAT:BET:H01:WB,b2
A012,5,SEC:BET:H01_H02:WB,b2
A012,5,PLAT:BET:H02:WB,b2
A012,5,SEC:BET:H02_S15:WB,b2
A012,5,PLAT:BET:S15:WB,b2
A058,5,PLAT:ALP:S03:WB,b3
A058,5,SEC:ALP:S03_S04:WB,b3
A058,5,PLAT:ALP:S04:WB,b3
A058,5,SEC:ALP:S04_H01:WB,b3
A058,5,PLAT:ALP:H01:WB,b3
A058,5,SEC:ALP:H01_H02:WB,b3
A058,5,PLAT:ALP:H02:WB,b3
A061,5,PLAT:BET:H01:EB,b4
A061,5,SEC:BET:H01_H02:EB,b4
A061,5,PLAT:BET:H02:EB,b4
A061,5,SEC:BET:H02_S15:EB,b4
A061,5,PLAT:BET:S15:EB,b4
A009,6,PLAT:ALP:S05:EB,b1
A009,6,SEC:ALP:S05_S06:EB,b1
A009,6,PLAT:ALP:S06:EB,b1
A012,6,PLAT:BET:H01:WB,b2
A012,6,SEC:BET:H01_H02:WB,b2
A012,6,PLAT:BET:H02:WB,b2
A012,6,SEC:BET:H02_S15:WB,b2
A012,6,PLAT:BET:S15:WB,b2
A058,6,PLAT:ALP:S03:WB,b3
A058,6,SEC:ALP:S03_S04:WB,b3
A058,6,PLAT:ALP:S04:WB,b3
A058,6,SEC:ALP:S04_H01:WB,b3
A058,6,PLAT:ALP:H01:WB,b3
A058,6,SEC:ALP:H01_H02:WB,b3
A058,6,PLAT:ALP:H02:WB,b3
A061,6,PLAT:BET:H01:EB,b4
A061,6,SEC:BET:H01_H02:EB,b4
A061,6,PLAT:BET:H02:EB,b4
A061,6,SEC:BET:H02_S15:EB,b4
A061,6,PLAT:BET:S15:EB,b4
A009,7,PLAT:ALP:S05:EB,b1
A009,7,SEC:ALP:S05_S06:EB,b1
A009,7,PLAT:ALP:S06:EB,b1
A012,7,PLAT:BET:H01:WB,b2
A012,7,SEC:BET:H01_H02:WB,b2
A012,7,PLAT:BET:H02:WB,b2
A012,7,SEC:BET:H02_S15:WB,b2
A012,7,PLAT:BET:S15:WB,b2
A058,7,PLAT:ALP:S03:WB,b3
A058,7,SEC:ALP:S03_S04:WB,b3
A058,7,PLAT:ALP:S04:WB,b3
A058,7,SEC:ALP:S04_H01:WB,b3
A058,7,PLAT:ALP:H01:WB,b3
A058,7,SEC:ALP:H01_H02:WB,b3
A058,7,PLAT:ALP:H02:WB,b3
A061,7,PLAT:BET:H01:EB,b4
A061,7,SEC:BET:H01_H02:EB,b4
A061,7,PLAT:BET:H02:EB,b4
A061,7,SEC:BET:H02_S15:EB,b4
A061,7,PLAT:BET:S15:EB,b4
A039,8,PLAT:BET:S11:WB,b1
A039,8,SEC:BET:S11_S12:WB,b1
A039,8,PLAT:BET:S12:WB,b1
A039,8,SEC:BET:S12_S13:WB,b1
A039,8,PLAT:BET:S13:WB,b1
A039,8,SEC:BET:S13_S14:WB,b1
A039,8,PLAT:BET:S14:WB,b1
A009,8,PLAT:ALP:S05:EB,b2
A009,8,SEC:ALP:S05_S06:EB,b2
A009,8,PLAT:ALP:S06:EB,b2
A058,8,PLAT:ALP:S03:WB,b3
A058,8,SEC:ALP:S03_S04:WB,b3
A058,8,PLAT:ALP:S04:WB,b3
A058,8,SEC:ALP:S04_H01:WB,b3
A058,8,PLAT:ALP:H01:WB,b3
A058,8,SEC:ALP:H01_H02:WB,b3
A058,8,PLAT:ALP:H02:WB,b3
A021,8,PLAT:BET:S11:WB,b1
A021,8,SEC:BET:S11_S12:WB,b1
A021,8,PLAT:BET:S12:WB,b1
A021,8,SEC:BET:S12_S13:WB,b1
A021,8,PLAT:BET:S13:WB,b1
A037,8,PLAT:BET:S15:EB,b4
A037,8,SEC:BET:S15_S16:EB,b4
A037,8,PLAT:BET:S16:EB,b4
A037,8,SEC:BET:S16_S17:EB,b4
A037,8,PLAT:BET:S17:EB,b4
A061,8,PLAT:BET:H01:EB,b4
A061,8,SEC:BET:H01_H02:EB,b4
A061,8,PLAT:BET:H02:EB,b4
A061,8,SEC:BET:H02_S15:EB,b4
A061,8,PLAT:BET:S15:EB,b4
A063,8,PLAT:BET:S14:EB,b4
A063,8,SEC:BET:S14_H01:EB,b4
A063,8,PLAT:BET:H01:EB,b4
A063,8,SEC:BET:H01_H02:EB,b4
A063,8,PLAT:BET:H02:EB,b4
A025,8,PLAT:ALP:S01:EB,b5
A025,8,SEC:ALP:S01_S02:EB,b5
A025,8,PLAT:ALP:S02:EB,b5
A025,8,SEC:ALP:S02_S03:EB,b5
A025,8,PLAT:ALP:S03:EB,b5
A049,8,PLAT:BET:H02:WB,b6
A049,8,SEC:BET:H02_S15:WB,b6
A049,8,PLAT:BET:S15:WB,b6
A049,8,SEC:BET:S15_S16:WB,b6
A049,8,PLAT:BET:S16:WB,b6
A028,9,PLAT:ALP:S03:EB,b1
A028,9,SEC:ALP:S03_S04:EB,b1
A028,9,PLAT:ALP:S04:EB,b1
A028,9,SEC:ALP:S04_H01:EB,b1
A028,9,PLAT:ALP:H01:EB,b1
A039,9,PLAT:BET:S11:WB,b2
A039,9,SEC:BET:S11_S12:WB,b2
A039,9,PLAT:BET:S12:WB,b2
A039,9,SEC:BET:S12_S13:WB,b2
A039,9,PLAT:BET:S13:WB,b2
A039,9,SEC:BET:S13_S14:WB,b2
A039,9,PLAT:BET:S14:WB,b2
A021,9,PLAT:BET:S11:WB,b2
A021,9,SEC:BET:S11_S12:WB,b2
A021,9,PLAT:BET:S12:WB,b2
A021,9,SEC:BET:S12_S13:WB,b2
A021,9,PLAT:BET:S13:WB,b2
A037,9,PLAT:BET:S15:EB,b3
A037,9,SEC:BET:S15_S16:EB,b3
A037,9,PLAT:BET:S16:EB,b3
A037,9,SEC:BET:S16_S17:EB,b3
A037,9,PLAT:BET:S17:EB,b3
A061,9,PLAT:BET:H01:EB,b3
A061,9,SEC:BET:H01_H02:EB,b3
A061,9,PLAT:BET:H02:EB,b3
A061,9,SEC:BET:H02_S15:EB,b3
A061,9,PLAT:BET:S15:EB,b3
A046,9,PLAT:ALP:S05:WB,b4
A046,9,SEC:ALP:S05_S06:WB,b4
A046,9,PLAT:ALP:S06:WB,b4
A049,9,PLAT:BET:H02:WB,b5
A049,9,SEC:BET:H02_S15:WB,b5
A049,9,PLAT:BET:S15:WB,b5
A049,9,SEC:BET:S15_S16:WB,b5
A049,9,PLAT:BET:S16:WB,b5
A028,10,PLAT:ALP:S03:EB,b1
A028,10,SEC:ALP:S03_S04:EB,b1
A028,10,PLAT:ALP:S04:EB,b1
A028,10,SEC:ALP:S04_H01:EB,b1
A028,10,PLAT:ALP:H01:EB,b1
A012,10,PLAT:BET:H01:WB,b2
A012,10,SEC:BET:H01_H02:WB,b2
A012,10,PLAT:BET:H02:WB,b2
A012,10,SEC:BET:H02_S15:WB,b2
A012,10,PLAT:BET:S15:WB,b2
A061,10,PLAT:BET:H01:EB,b3
A061,10,SEC:BET:H01_H02:EB,b3
A061,10,PLAT:BET:H02:EB,b3
A061,10,SEC:BET:H02_S15:EB,b3
A061,10,PLAT:BET:S15:EB,b3
A038,10,PLAT:BET:S17:EB,b4
A038,10,SEC:BET:S17_S18:EB,b4
A038,10,PLAT:BET:S18:EB,b4
A046,10,PLAT:ALP:S05:WB,b5
A046,10,SEC:ALP:S05_S06:WB,b5
A046,10,PLAT:ALP:S06:WB,b5
A049,10,PLAT:BET:H02:WB,b2
A049,10,SEC:BET:H02_S15:WB,b2
A049,10,PLAT:BET:S15:WB,b2
A049,10,SEC:BET:S15_S16:WB,b2
A049,10,PLAT:BET:S16:WB,b2
A039,11,PLAT:BET:S11:WB,b1
A039,11,SEC:BET:S11_S12:WB,b1
A039,11,PLAT:BET:S12:WB,b1
A039,11,SEC:BET:S12_S13:WB,b1
A039,11,PLAT:BET:S13:WB,b1
A039,11,SEC:BET:S13_S14:WB,b1
A039,11,PLAT:BET:S14:WB,b1
A070,11,PLAT:ALP:S03:WB,b2
A070,11,SEC:ALP:S03_S04:WB,b2
A070,11,PLAT:ALP:S04:WB,b2
A070,11,SEC:ALP:S04_H01:WB,b2
A070,11,PLAT:ALP:H01:WB,b2
A019,11,PLAT:BET:S16:EB,b3
A019,11,SEC:BET:S16_S17:EB,b3
A019,11,PLAT:BET:S17:EB,b3
A003,11,PLAT:BET:H01:EB,b3
A003,11,SEC:BET:H01_H02:EB,b3
A003,11,PLAT:BET:H02:EB,b3
A003,11,SEC:BET:H02_S15:EB,b3
A003,11,PLAT:BET:S15:EB,b3
A003,11,SEC:BET:S15_S16:EB,b3
A003,11,PLAT:BET:S16:EB,b3
A021,11,PLAT:BET:S11:WB,b1
A021,11,SEC:BET:S11_S12:WB,b1
A021,11,PLAT:BET:S12:WB,b1
A021,11,SEC:BET:S12_S13:WB,b1
A021,11,PLAT:BET:S13:WB,b1
A041,11,PLAT:BET:S15:EB,b3
A041,11,SEC:BET:S15_S16:EB,b3
A041,11,PLAT:BET:S16:EB,b3
A025,11,PLAT:ALP:S01:EB,b4
A025,11,SEC:ALP:S01_S02:EB,b4
A025,11,PLAT:ALP:S02:EB,b4
A025,11,SEC:ALP:S02_S03:EB,b4
A025,11,PLAT:ALP:S03:EB,b4
A049,11,PLAT:BET:H02:WB,b5
A049,11,SEC:BET:H02_S15:WB,b5
A049,11,PLAT:BET:S15:WB,b5
A049,11,SEC:BET:S15_S16:WB,b5
A049,11,PLAT:BET:S16:WB,b5
A039,12,PLAT:BET:S11:WB,b1
A039,12,SEC:BET:S11_S12:WB,b1
A039,12,PLAT:BET:S12:WB,b1
A039,12,SEC:BET:S12_S13:WB,b1
A039,12,PLAT:BET:S13:WB,b1
A039,12,SEC:BET:S13_S14:WB,b1
A039,12,PLAT:BET:S14:WB,b1
A070,12,PLAT:ALP:S03:WB,b2
A070,12,SEC:ALP:S03_S04:WB,b2
A070,12,PLAT:ALP:S04:WB,b2
A070,12,SEC:ALP:S04_H01:WB,b2
A070,12,PLAT:ALP:H01:WB,b2
A019,12,PLAT:BET:S16:EB,b3
A019,12,SEC:BET:S16_S17:EB,b3
A019,12,PLAT:BET:S17:EB,b3
A003,12,PLAT:BET:H01:EB,b3
A003,12,SEC:BET:H01_H02:EB,b3
A003,12,PLAT:BET:H02:EB,b3
A003,12,SEC:BET:H02_S15:EB,b3
A003,12,PLAT:BET:S15:EB,b3
A003,12,SEC:BET:S15_S16:EB,b3
A003,12,PLAT:BET:S16:EB,b3
A041,12,PLAT:BET:S15:EB,b3
A041,12,SEC:BET:S15_S16:EB,b3
A041,12,PLAT:BET:S16:EB,b3
A025,12,PLAT:ALP:S01:EB,b4
A025,12,SEC:ALP:S01_S02:EB,b4
A025,12,PLAT:ALP:S02:EB,b4
A025,12,SEC:ALP:S02_S03:EB,b4
A025,12,PLAT:ALP:S03:EB,b4
A049,12,PLAT:BET:H02:WB,b5
A049,12,SEC:BET:H02_S15:WB,b5
A049,12,PLAT:BET:S15:WB,b5
A049,12,SEC:BET:S15_S16:WB,b5
A049,12,PLAT:BET:S16:WB,b5
A014,13,PLAT:ALP:S07:EB,b1
A014,13,SEC:ALP:S07_S08:EB,b1
A014,13,PLAT:ALP:S08:EB,b1
A039,13,PLAT:BET:S11:WB,b2
A039,13,SEC:BET:S11_S12:WB,b2
A039,13,PLAT:BET:S12:WB,b2
A039,13,SEC:BET:S12_S13:WB,b2
A039,13,PLAT:BET:S13:WB,b2
A039,13,SEC:BET:S13_S14:WB,b2
A039,13,PLAT:BET:S14:WB,b2
A070,13,PLAT:ALP:S03:WB,b3
A070,13,SEC:ALP:S03_S04:WB,b3
A070,13,PLAT:ALP:S04:WB,b3
A070,13,SEC:ALP:S04_H01:WB,b3
A070,13,PLAT:ALP:H01:WB,b3
A040,13,PLAT:BET:H01:EB,b4
A040,13,SEC:BET:H01_H02:EB,b4
A040,13,PLAT:BET:H02:EB,b4
A040,13,SEC:BET:H02_S15:EB,b4
A040,13,PLAT:BET:S15:EB,b4
A040,13,SEC:BET:S15_S16:EB,b4
A040,13,PLAT:BET:S16:EB,b4
A003,13,PLAT:BET:H01:EB,b4
A003,13,SEC:BET:H01_H02:EB,b4
A003,13,PLAT:BET:H02:EB,b4
A003,13,SEC:BET:H02_S15:EB,b4
A003,13,PLAT:BET:S15:EB,b4
A003,13,SEC:BET:S15_S16:EB,b4
A003,13,PLAT:BET:S16:EB,b4
A060,13,PLAT:BET:H02:EB,b4
A060,13,SEC:BET:H02_S15:EB,b4
A060,13,PLAT:BET:S15:EB,b4
A060,13,SEC:BET:S15_S16:EB,b4
A060,13,PLAT:BET:S16:EB,b4
A025,13,PLAT:ALP:S01:EB,b5
A025,13,SEC:ALP:S01_S02:EB,b5
A025,13,PLAT:ALP:S02:EB,b5
A025,13,SEC:ALP:S02_S03:EB,b5
A025,13,PLAT:ALP:S03:EB,b5
A059,14,PLAT:ALP:S06:WB,b1
A059,14,SEC:ALP:S06_S07:WB,b1
A059,14,PLAT:ALP:S07:WB,b1
A059,14,SEC:ALP:S07_S08:WB,b1
A059,14,PLAT:ALP:S08:WB,b1
A014,14,PLAT:ALP:S07:EB,b2
A014,14,SEC:ALP:S07_S08:EB,b2
A014,14,PLAT:ALP:S08:EB,b2
A039,14,PLAT:BET:S11:WB,b3
A039,14,SEC:BET:S11_S12:WB,b3
A039,14,PLAT:BET:S12:WB,b3
A039,14,SEC:BET:S12_S13:WB,b3
A039,14,PLAT:BET:S13:WB,b3
A039,14,SEC:BET:S13_S14:WB,b3
A039,14,PLAT:BET:S14:WB,b3
A070,14,PLAT:ALP:S03:WB,b4
A070,14,SEC:ALP:S03_S04:WB,b4
A070,14,PLAT:ALP:S04:WB,b4
A070,14,SEC:ALP:S04_H01:WB,b4
A070,14,PLAT:ALP:H01:WB,b4
A040,14,PLAT:BET:H01:EB,b5
A040,14,SEC:BET:H01_H02:EB,b5
A040,14,PLAT:BET:H02:EB,b5
A040,14,SEC:BET:H02_S15:EB,b5
A040,14,PLAT:BET:S15:EB,b5
A040,14,SEC:BET:S15_S16:EB,b5
A040,14,PLAT:BET:S16:EB,b5
A003,14,PLAT:BET:H01:EB,b5
A003,14,SEC:BET:H01_H02:EB,b5
A003,14,PLAT:BET:H02:EB,b5
A003,14,SEC:BET:H02_S15:EB,b5
A003,14,PLAT:BET:S15:EB,b5
A003,14,SEC:BET:S15_S16:EB,b5
A003,14,PLAT:BET:S16:EB,b5
A060,14,PLAT:BET:H02:EB,b5
A060,14,SEC:BET:H02_S15:EB,b5
A060,14,PLAT:BET:S15:EB,b5
A060,14,SEC:BET:S15_S16:EB,b5
A060,14,PLAT:BET:S16:EB,b5
A025,14,PLAT:ALP:S01:EB,b6
A025,14,SEC:ALP:S01_S02:EB,b6
A025,14,PLAT:ALP:S02:EB,b6
A025,14,SEC:ALP:S02_S03:EB,b6
A025,14,PLAT:ALP:S03:EB,b6
A059,15,PLAT:ALP:S06:WB,b1
A059,15,SEC:ALP:S06_S07:WB,b1
A059,15,PLAT:ALP:S07:WB,b1
A059,15,SEC:ALP:S07_S08:WB,b1
A059,15,PLAT:ALP:S08:WB,b1
A014,15,PLAT:ALP:S07:EB,b2
A014,15,SEC:ALP:S07_S08:EB,b2
A014,15,PLAT:ALP:S08:EB,b2
A057,15,PLAT:BET:H02:EB,b3
A057,15,SEC:BET:H02_S15:EB,b3
A057,15,PLAT:BET:S15:EB,b3
A057,15,SEC:BET:S15_S16:EB,b3
A057,15,PLAT:BET:S16:EB,b3
A071,15,PLAT:BET:S15:EB,b3
A071,15,SEC:BET:S15_S16:EB,b3
A071,15,PLAT:BET:S16:EB,b3
A071,15,SEC:BET:S16_S17:EB,b3
A071,15,PLAT:BET:S17:EB,b3
A011,15,PLAT:BET:S15:EB,b3
A011,15,SEC:BET:S15_S16:EB,b3
A011,15,PLAT:BET:S16:EB,b3
A011,15,SEC:BET:S16_S17:EB,b3
A011,15,PLAT:BET:S17:EB,b3
A039,15,PLAT:BET:S11:WB,b4
A039,15,SEC:BET:S11_S12:WB,b4
A039,15,PLAT:BET:S12:WB,b4
A039,15,SEC:BET:S12_S13:WB,b4
A039,15,PLAT:BET:S13:WB,b4
A039,15,SEC:BET:S13_S14:WB,b4
A039,15,PLAT:BET:S14:WB,b4
A070,15,PLAT:ALP:S03:WB,b5
A070,15,SEC:ALP:S03_S04:WB,b5
A070,15,PLAT:ALP:S04:WB,b5
A070,15,SEC:ALP:S04_H01:WB,b5
A070,15,PLAT:ALP:H01:WB,b5
A040,15,PLAT:BET:H01:EB,b3
A040,15,SEC:BET:H01_H02:EB,b3
A040,15,PLAT:BET:H02:EB,b3
A040,15,SEC:BET:H02_S15:EB,b3
A040,15,PLAT:BET:S15:EB,b3
A040,15,SEC:BET:S15_S16:EB,b3
A040,15,PLAT:BET:S16:EB,b3
A020,15,PLAT:ALP:S04:WB,b5
A020,15,SEC:ALP:S04_H01:WB,b5
A020,15,PLAT:ALP:H01:WB,b5
A020,15,SEC:ALP:H01_H02:WB,b5
A020,15,PLAT:ALP:H02:WB,b5
A020,15,SEC:ALP:H02_S05:WB,b5
A020,15,PLAT:ALP:S05:WB,b5
A025,15,PLAT:ALP:S01:EB,b6
A025,15,SEC:ALP:S01_S02:EB,b6
A025,15,PLAT:ALP:S02:EB,b6
A025,15,SEC:ALP:S02_S03:EB,b6
A025,15,PLAT:ALP:S03:EB,b6
A059,16,PLAT:ALP:S06:WB,b1
A059,16,SEC:ALP:S06_S07:WB,b1
A059,16,PLAT:ALP:S07:WB,b1
A059,16,SEC:ALP:S07_S08:WB,b1
A059,16,PLAT:ALP:S08:WB,b1
A014,16,PLAT:ALP:S07:EB,b2
A014,16,SEC:ALP:S07_S08:EB,b2
A014,16,PLAT:ALP:S08:EB,b2
A057,16,PLAT:BET:H02:EB,b3
A057,16,SEC:BET:H02_S15:EB,b3
A057,16,PLAT:BET:S15:EB,b3
A057,16,SEC:BET:S15_S16:EB,b3
A057,16,PLAT:BET:S16:EB,b3
A011,16,PLAT:BET:S15:EB,b3
A011,16,SEC:BET:S15_S16:EB,b3
A011,16,PLAT:BET:S16:EB,b3
A011,16,SEC:BET:S16_S17:EB,b3
A011,16,PLAT:BET:S17:EB,b3
A064,16,PLAT:BET:S15:WB,b4
A064,16,SEC:BET:S15_S16:WB,b4
A064,16,PLAT:BET:S16:WB,b4
A040,16,PLAT:BET:H01:EB,b3
A040,16,SEC:BET:H01_H02:EB,b3
A040,16,PLAT:BET:H02:EB,b3
A040,16,SEC:BET:H02_S15:EB,b3
A040,16,PLAT:BET:S15:EB,b3
A040,16,SEC:BET:S15_S16:EB,b3
A040,16,PLAT:BET:S16:EB,b3
A003,16,PLAT:BET:H01:EB,b3
A003,16,SEC:BET:H01_H02:EB,b3
A003,16,PLAT:BET:H02:EB,b3
A003,16,SEC:BET:H02_S15:EB,b3
A003,16,PLAT:BET:S15:EB,b3
A003,16,SEC:BET:S15_S16:EB,b3
A003,16,PLAT:BET:S16:EB,b3
A020,16,PLAT:ALP:S04:WB,b5
A020,16,SEC:ALP:S04_H01:WB,b5
A020,16,PLAT:ALP:H01:WB,b5
A020,16,SEC:ALP:H01_H02:WB,b5
A020,16,PLAT:ALP:H02:WB,b5
A020,16,SEC:ALP:H02_S05:WB,b5
A020,16,PLAT:ALP:S05:WB,b5
A025,16,PLAT:ALP:S01:EB,b6
A025,16,SEC:ALP:S01_S02:EB,b6
A025,16,PLAT:ALP:S02:EB,b6
A025,16,SEC:ALP:S02_S03:EB,b6
A025,16,PLAT:ALP:S03:EB,b6
A069,16,PLAT:ALP:S03:WB,b5
A069,16,SEC:ALP:S03_S04:WB,b5
A069,16,PLAT:ALP:S04:WB,b5
A069,16,SEC:ALP:S04_H01:WB,b5
A069,16,PLAT:ALP:H01:WB,b5
A069,16,SEC:ALP:H01_H02:WB,b5
A069,16,PLAT:ALP:H02:WB,b5
A059,17,PLAT:ALP:S06:WB,b1
A059,17,SEC:ALP:S06_S07:WB,b1
A059,17,PLAT:ALP:S07:WB,b1
A059,17,SEC:ALP:S07_S08:WB,b1
A059,17,PLAT:ALP:S08:WB,b1
A014,17,PLAT:ALP:S07:EB,b2
A014,17,SEC:ALP:S07_S08:EB,b2
A014,17,PLAT:ALP:S08:EB,b2
A017,17,PLAT:BET:H01:EB,b3
A017,17,SEC:BET:H01_H02:EB,b3
A017,17,PLAT:BET:H02:EB,b3
A017,17,SEC:BET:H02_S15:EB,b3
A017,17,PLAT:BET:S15:EB,b3
A017,17,SEC:BET:S15_S16:EB,b3
A017,17,PLAT:BET:S16:EB,b3
A057,17,PLAT:BET:H02:EB,b3
A057,17,SEC:BET:H02_S15:EB,b3
A057,17,PLAT:BET:S15:EB,b3
A057,17,SEC:BET:S15_S16:EB,b3
A057,17,PLAT:BET:S16:EB,b3
A054,17,PLAT:ALP:S04:EB,b4
A054,17,SEC:ALP:S04_H01:EB,b4
A054,17,PLAT:ALP:H01:EB,b4
A054,17,SEC:ALP:H01_H02:EB,b4
A054,17,PLAT:ALP:H02:EB,b4
A054,17,SEC:ALP:H02_S05:EB,b4
A054,17,PLAT:ALP:S05:EB,b4
A004,17,PLAT:ALP:S03:EB,b4
A004,17,SEC:ALP:S03_S04:EB,b4
A004,17,PLAT:ALP:S04:EB,b4
A004,17,SEC:ALP:S04_H01:EB,b4
A004,17,PLAT:ALP:H01:EB,b4
A040,17,PLAT:BET:H01:EB,b3
A040,17,SEC:BET:H01_H02:EB,b3
A040,17,PLAT:BET:H02:EB,b3
A040,17,SEC:BET:H02_S15:EB,b3
A040,17,PLAT:BET:S15:EB,b3
A040,17,SEC:BET:S15_S16:EB,b3
A040,17,PLAT:BET:S16:EB,b3
A007,17,PLAT:BET:H01:EB,b3
A007,17,SEC:BET:H01_H02:EB,b3
A007,17,PLAT:BET:H02:EB,b3
A046,17,PLAT:ALP:S05:WB,b1
A046,17,SEC:ALP:S05_S06:WB,b1
A046,17,PLAT:ALP:S06:WB,b1
A059,18,PLAT:ALP:S06:WB,b1
A059,18,SEC:ALP:S06_S07:WB,b1
A059,18,PLAT:ALP:S07:WB,b1
A059,18,SEC:ALP:S07_S08:WB,b1
A059,18,PLAT:ALP:S08:WB,b1
A014,18,PLAT:ALP:S07:EB,b2
A014,18,SEC:ALP:S07_S08:EB,b2
A014,18,PLAT:ALP:S08:EB,b2
A017,18,PLAT:BET:H01:EB,b3
A017,18,SEC:BET:H01_H02:EB,b3
A017,18,PLAT:BET:H02:EB,b3
A017,18,SEC:BET:H02_S15:EB,b3
A017,18,PLAT:BET:S15:EB,b3
A017,18,SEC:BET:S15_S16:EB,b3
A017,18,PLAT:BET:S16:EB,b3
A057,18,PLAT:BET:H02:EB,b3
A057,18,SEC:BET:H02_S15:EB,b3
A057,18,PLAT:BET:S15:EB,b3
A057,18,SEC:BET:S15_S16:EB,b3
A057,18,PLAT:BET:S16:EB,b3
A056,18,PLAT:ALP:H02:WB,b1
A056,18,SEC:ALP:H02_S05:WB,b1
A056,18,PLAT:ALP:S05:WB,b1
A056,18,SEC:ALP:S05_S06:WB,b1
A056,18,PLAT:ALP:S06:WB,b1
A056,18,SEC:ALP:S06_S07:WB,b1
A056,18,PLAT:ALP:S07:WB,b1
A054,18,PLAT:ALP:S04:EB,b4
A054,18,SEC:ALP:S04_H01:EB,b4
A054,18,PLAT:ALP:H01:EB,b4
A054,18,SEC:ALP:H01_H02:EB,b4
A054,18,PLAT:ALP:H02:EB,b4
A054,18,SEC:ALP:H02_S05:EB,b4
A054,18,PLAT:ALP:S05:EB,b4
A004,18,PLAT:ALP:S03:EB,b4
A004,18,SEC:ALP:S03_S04:EB,b4
A004,18,PLAT:ALP:S04:EB,b4
A004,18,SEC:ALP:S04_H01:EB,b4
A004,18,PLAT:ALP:H01:EB,b4
A043,18,PLAT:BET:H02:EB,b3
A043,18,SEC:BET:H02_S15:EB,b3
A043,18,PLAT:BET:S15:EB,b3
A043,18,SEC:BET:S15_S16:EB,b3
A043,18,PLAT:BET:S16:EB,b3
A043,18,SEC:BET:S16_S17:EB,b3
A043,18,PLAT:BET:S17:EB,b3
A060,18,PLAT:BET:H02:EB,b3
A060,18,SEC:BET:H02_S15:EB,b3
A060,18,PLAT:BET:S15:EB,b3
A060,18,SEC:BET:S15_S16:EB,b3
A060,18,PLAT:BET:S16:EB,b3
A038,18,PLAT:BET:S17:EB,b3
A038,18,SEC:BET:S17_S18:EB,b3
A038,18,PLAT:BET:S18:EB,b3
A046,18,PLAT:ALP:S05:WB,b1
A046,18,SEC:ALP:S05_S06:WB,b1
A046,18,PLAT:ALP:S06:WB,b1
A074,19,PLAT:ALP:H01:EB,b1
A074,19,SEC:ALP:H01_H02:EB,b1
A074,19,PLAT:ALP:H02:EB,b1
A014,19,PLAT:ALP:S07:EB,b2
A014,19,SEC:ALP:S07_S08:EB,b2
A014,19,PLAT:ALP:S08:EB,b2
A004,19,PLAT:ALP:S03:EB,b1
A004,19,SEC:ALP:S03_S04:EB,b1
A004,19,PLAT:ALP:S04:EB,b1
A004,19,SEC:ALP:S04_H01:EB,b1
A004,19,PLAT:ALP:H01:EB,b1
A038,19,PLAT:BET:S17:EB,b3
A038,19,SEC:BET:S17_S18:EB,b3
A038,19,PLAT:BET:S18:EB,b3
A059,20,PLAT:ALP:S06:WB,b1
A059,20,SEC:ALP:S06_S07:WB,b1
A059,20,PLAT:ALP:S07:WB,b1
A059,20,SEC:ALP:S07_S08:WB,b1
A059,20,PLAT:ALP:S08:WB,b1
A017,20,PLAT:BET:H01:EB,b2
A017,20,SEC:BET:H01_H02:EB,b2
A017,20,PLAT:BET:H02:EB,b2
A017,20,SEC:BET:H02_S15:EB,b2
A017,20,PLAT:BET:S15:EB,b2
A017,20,SEC:BET:S15_S16:EB,b2
A017,20,PLAT:BET:S16:EB,b2
A057,20,PLAT:BET:H02:EB,b2
A057,20,SEC:BET:H02_S15:EB,b2
A057,20,PLAT:BET:S15:EB,b2
A057,20,SEC:BET:S15_S16:EB,b2
A057,20,PLAT:BET:S16:EB,b2
A047,20,PLAT:ALP:H02:EB,b3
A047,20,SEC:ALP:H02_S05:EB,b3
A047,20,PLAT:ALP:S05:EB,b3
A047,20,SEC:ALP:S05_S06:EB,b3
A047,20,PLAT:ALP:S06:EB,b3
A040,20,PLAT:BET:H01:EB,b2
A040,20,SEC:BET:H01_H02:EB,b2
A040,20,PLAT:BET:H02:EB,b2
A040,20,SEC:BET:H02_S15:EB,b2
A040,20,PLAT:BET:S15:EB,b2
A040,20,SEC:BET:S15_S16:EB,b2
A040,20,PLAT:BET:S16:EB,b2
A007,20,PLAT:BET:H01:EB,b2
A007,20,SEC:BET:H01_H02:EB,b2
A007,20,PLAT:BET:H02:EB,b2
A050,20,PLAT:ALP:S03:WB,b4
A050,20,SEC:ALP:S03_S04:WB,b4
A050,20,PLAT:ALP:S04:WB,b4
A050,20,SEC:ALP:S04_H01:WB,b4
A050,20,PLAT:ALP:H01:WB,b4
A065,20,PLAT:BET:S12:WB,b5
A065,20,SEC:BET:S12_S13:WB,b5
A065,20,PLAT:BET:S13:WB,b5
A069,20,PLAT:ALP:S03:WB,b4
A069,20,SEC:ALP:S03_S04:WB,b4
A069,20,PLAT:ALP:S04:WB,b4
A069,20,SEC:ALP:S04_H01:WB,b4
A069,20,PLAT:ALP:H01:WB,b4
A069,20,SEC:ALP:H01_H02:WB,b4
A069,20,PLAT:ALP:H02:WB,b4
A059,21,PLAT:ALP:S06:WB,b1
A059,21,SEC:ALP:S06_S07:WB,b1
A059,21,PLAT:ALP:S07:WB,b1
A059,21,SEC:ALP:S07_S08:WB,b1
A059,21,PLAT:ALP:S08:WB,b1
A017,21,PLAT:BET:H01:EB,b2
A017,21,SEC:BET:H01_H02:EB,b2
A017,21,PLAT:BET:H02:EB,b2
A017,21,SEC:BET:H02_S15:EB,b2
A017,21,PLAT:BET:S15:EB,b2
A017,21,SEC:BET:S15_S16:EB,b2
A017,21,PLAT:BET:S16:EB,b2
A057,21,PLAT:BET:H02:EB,b2
A057,21,SEC:BET:H02_S15:EB,b2
A057,21,PLAT:BET:S15:EB,b2
A057,21,SEC:BET:S15_S16:EB,b2
A057,21,PLAT:BET:S16:EB,b2
A023,21,PLAT:ALP:S03:WB,b3
A023,21,SEC:ALP:S03_S04:WB,b3
A023,21,PLAT:ALP:S04:WB,b3
A013,21,PLAT:ALP:S05:WB,b1
A013,21,SEC:ALP:S05_S06:WB,b1
A013,21,PLAT:ALP:S06:WB,b1
A047,21,PLAT:ALP:H02:EB,b4
A047,21,SEC:ALP:H02_S05:EB,b4
A047,21,PLAT:ALP:S05:EB,b4
A047,21,SEC:ALP:S05_S06:EB,b4
A047,21,PLAT:ALP:S06:EB,b4
A043,21,PLAT:BET:H02:EB,b2
A043,21,SEC:BET:H02_S15:EB,b2
A043,21,PLAT:BET:S15:EB,b2
A043,21,SEC:BET:S15_S16:EB,b2
A043,21,PLAT:BET:S16:EB,b2
A043,21,SEC:BET:S16_S17:EB,b2
A043,21,PLAT:BET:S17:EB,b2
A007,21,PLAT:BET:H01:EB,b2
A007,21,SEC:BET:H01_H02:EB,b2
A007,21,PLAT:BET:H02:EB,b2
A017,22,PLAT:BET:H01:EB,b1
A017,22,SEC:BET:H01_H02:EB,b1
A017,22,PLAT:BET:H02:EB,b1
A017,22,SEC:BET:H02_S15:EB,b1
A017,22,PLAT:BET:S15:EB,b1
A017,22,SEC:BET:S15_S16:EB,b1
A017,22,PLAT:BET:S16:EB,b1
A057,22,PLAT:BET:H02:EB,b1
A057,22,SEC:BET:H02_S15:EB,b1
A057,22,PLAT:BET:S15:EB,b1
A057,22,SEC:BET:S15_S16:EB,b1
A057,22,PLAT:BET:S16:EB,b1
A023,22,PLAT:ALP:S03:WB,b2
A023,22,SEC:ALP:S03_S04:WB,b2
A023,22,PLAT:ALP:S04:WB,b2
A056,22,PLAT:ALP:H02:WB,b3
A056,22,SEC:ALP:H02_S05:WB,b3
A056,22,PLAT:ALP:S05:WB,b3
A056,22,SEC:ALP:S05_S06:WB,b3
A056,22,PLAT:ALP:S06:WB,b3
A056,22,SEC:ALP:S06_S07:WB,b3
A056,22,PLAT:ALP:S07:WB,b3
A013,22,PLAT:ALP:S05:WB,b3
A013,22,SEC:ALP:S05_S06:WB,b3
A013,22,PLAT:ALP:S06:WB,b3
A040,22,PLAT:BET:H01:EB,b1
A040,22,SEC:BET:H01_H02:EB,b1
A040,22,PLAT:BET:H02:EB,b1
A040,22,SEC:BET:H02_S15:EB,b1
A040,22,PLAT:BET:S15:EB,b1
A040,22,SEC:BET:S15_S16:EB,b1
A040,22,PLAT:BET:S16:EB,b1
A007,22,PLAT:BET:H01:EB,b1
A007,22,SEC:BET:H01_H02:EB,b1
A007,22,PLAT:BET:H02:EB,b1
A046,22,PLAT:ALP:S05:WB,b3
A046,22,SEC:ALP:S05_S06:WB,b3
A046,22,PLAT:ALP:S06:WB,b3
A036,22,PLAT:BET:S14:EB,b1
A036,22,SEC:BET:S14_H01:EB,b1
A036,22,PLAT:BET:H01:EB,b1
A017,23,PLAT:BET:H01:EB,b1
A017,23,SEC:BET:H01_H02:EB,b1
A017,23,PLAT:BET:H02:EB,b1
A017,23,SEC:BET:H02_S15:EB,b1
A017,23,PLAT:BET:S15:EB,b1
A017,23,SEC:BET:S15_S16:EB,b1
A017,23,PLAT:BET:S16:EB,b1
A072,23,PLAT:ALP:S04:EB,b2
A072,23,SEC:ALP:S04_H01:EB,b2
A072,23,PLAT:ALP:H01:EB,b2
A072,23,SEC:ALP:H01_H02:EB,b2
A072,23,PLAT:ALP:H02:EB,b2
A023,23,PLAT:ALP:S03:WB,b3
A023,23,SEC:ALP:S03_S04:WB,b3
A023,23,PLAT:ALP:S04:WB,b3
A055,23,PLAT:BET:S13:EB,b1
A055,23,SEC:BET:S13_S14:EB,b1
A055,23,PLAT:BET:S14:EB,b1
A055,23,SEC:BET:S14_H01:EB,b1
A055,23,PLAT:BET:H01:EB,b1
A055,23,SEC:BET:H01_H02:EB,b1
A055,23,PLAT:BET:H02:EB,b1
A013,23,PLAT:ALP:S05:WB,b4
A013,23,SEC:ALP:S05_S06:WB,b4
A013,23,PLAT:ALP:S06:WB,b4
A007,23,PLAT:BET:H01:EB,b1
A007,23,SEC:BET:H01_H02:EB,b1
A007,23,PLAT:BET:H02:EB,b1
A036,23,PLAT:BET:S14:EB,b1
A036,23,SEC:BET:S14_H01:EB,b1
A036,23,PLAT:BET:H01:EB,b1
A017,24,PLAT:BET:H01:EB,b1
A017,24,SEC:BET:H01_H02:EB,b1
A017,24,PLAT:BET:H02:EB,b1
A017,24,SEC:BET:H02_S15:EB,b1
A017,24,PLAT:BET:S15:EB,b1
A017,24,SEC:BET:S15_S16:EB,b1
A017,24,PLAT:BET:S16:EB,b1
A023,24,PLAT:ALP:S03:WB,b2
A023,24,SEC:ALP:S03_S04:WB,b2
A023,24,PLAT:ALP:S04:WB,b2
A042,24,PLAT:BET:S15:EB,b1
A042,24,SEC:BET:S15_S16:EB,b1
A042,24,PLAT:BET:S16:EB,b1
A042,24,SEC:BET:S16_S17:EB,b1
A042,24,PLAT:BET:S17:EB,b1
A042,24,SEC:BET:S17_S18:EB,b1
A042,24,PLAT:BET:S18:EB,b1
A013,24,PLAT:ALP:S05:WB,b3
A013,24,SEC:ALP:S05_S06:WB,b3
A013,24,PLAT:ALP:S06:WB,b3
A001,24,PLAT:BET:S15:EB,b1
A001,24,SEC:BET:S15_S16:EB,b1
A001,24,PLAT:BET:S16:EB,b1
A001,24,SEC:BET:S16_S17:EB,b1
A001,24,PLAT:BET:S17:EB,b1
A073,24,PLAT:BET:H01:EB,b1
A073,24,SEC:BET:H01_H02:EB,b1
A073,24,PLAT:BET:H02:EB,b1
A073,24,SEC:BET:H02_S15:EB,b1
A073,24,PLAT:BET:S15:EB,b1
A036,24,PLAT:BET:S14:EB,b1
A036,24,SEC:BET:S14_H01:EB,b1
A036,24,PLAT:BET:H01:EB,b1
A008,25,PLAT:BET:S17:EB,b1
A008,25,SEC:BET:S17_S18:EB,b1
A008,25,PLAT:BET:S18:EB,b1
A066,25,PLAT:ALP:S02:WB,b2
A066,25,SEC:ALP:S02_S03:WB,b2
A066,25,PLAT:ALP:S03:WB,b2
A066,25,SEC:ALP:S03_S04:WB,b2
A066,25,PLAT:ALP:S04:WB,b2
A066,25,SEC:ALP:S04_H01:WB,b2
A066,25,PLAT:ALP:H01:WB,b2
A023,25,PLAT:ALP:S03:WB,b2
A023,25,SEC:ALP:S03_S04:WB,b2
A023,25,PLAT:ALP:S04:WB,b2
A042,25,PLAT:BET:S15:EB,b1
A042,25,SEC:BET:S15_S16:EB,b1
A042,25,PLAT:BET:S16:EB,b1
A042,25,SEC:BET:S16_S17:EB,b1
A042,25,PLAT:BET:S17:EB,b1
A042,25,SEC:BET:S17_S18:EB,b1
A042,25,PLAT:BET:S18:EB,b1
A001,25,PLAT:BET:S15:EB,b1
A001,25,SEC:BET:S15_S16:EB,b1
A001,25,PLAT:BET:S16:EB,b1
A001,25,SEC:BET:S16_S17:EB,b1
A001,25,PLAT:BET:S17:EB,b1
A050,25,PLAT:ALP:S03:WB,b2
A050,25,SEC:ALP:S03_S04:WB,b2
A050,25,PLAT:ALP:S04:WB,b2
A050,25,SEC:ALP:S04_H01:WB,b2
A050,25,PLAT:ALP:H01:WB,b2
A036,25,PLAT:BET:S14:EB,b3
A036,25,SEC:BET:S14_H01:EB,b3
A036,25,PLAT:BET:H01:EB,b3
A008,26,PLAT:BET:S17:EB,b1
A008,26,SEC:BET:S17_S18:EB,b1
A008,26,PLAT:BET:S18:EB,b1
A023,26,PLAT:ALP:S03:WB,b2
A023,26,SEC:ALP:S03_S04:WB,b2
A023,26,PLAT:ALP:S04:WB,b2
A013,26,PLAT:ALP:S05:WB,b3
A013,26,SEC:ALP:S05_S06:WB,b3
A013,26,PLAT:ALP:S06:WB,b3
A042,26,PLAT:BET:S15:EB,b1
A042,26,SEC:BET:S15_S16:EB,b1
A042,26,PLAT:BET:S16:EB,b1
A042,26,SEC:BET:S16_S17:EB,b1
A042,26,PLAT:BET:S17:EB,b1
A042,26,SEC:BET:S17_S18:EB,b1
A042,26,PLAT:BET:S18:EB,b1
A051,26,PLAT:BET:S17:WB,b4
A051,26,SEC:BET:S17_S18:WB,b4
A051,26,PLAT:BET:S18:WB,b4
A036,26,PLAT:BET:S14:EB,b5
A036,26,SEC:BET:S14_H01:EB,b5
A036,26,PLAT:BET:H01:EB,b5
A008,27,PLAT:BET:S17:EB,b1
A008,27,SEC:BET:S17_S18:EB,b1
A008,27,PLAT:BET:S18:EB,b1
A023,27,PLAT:ALP:S03:WB,b2
A023,27,SEC:ALP:S03_S04:WB,b2
A023,27,PLAT:ALP:S04:WB,b2
A007,27,PLAT:BET:H01:EB,b3
A007,27,SEC:BET:H01_H02:EB,b3
A007,27,PLAT:BET:H02:EB,b3
A051,27,PLAT:BET:S17:WB,b4
A051,27,SEC:BET:S17_S18:WB,b4
A051,27,PLAT:BET:S18:WB,b4
A036,27,PLAT:BET:S14:EB,b3
A036,27,SEC:BET:S14_H01:EB,b3
A036,27,PLAT:BET:H01:EB,b3
A008,28,PLAT:BET:S17:EB,b1
A008,28,SEC:BET:S17_S18:EB,b1
A008,28,PLAT:BET:S18:EB,b1
A007,28,PLAT:BET:H01:EB,b2
A007,28,SEC:BET:H01_H02:EB,b2
A007,28,PLAT:BET:H02:EB,b2
A036,28,PLAT:BET:S14:EB,b2
A036,28,SEC:BET:S14_H01:EB,b2
A036,28,PLAT:BET:H01:EB,b2
A075,29,PLAT:BET:H01:WB,b1
A075,29,SEC:BET:H01_H02:WB,b1
A075,29,PLAT:BET:H02:WB,b1
